{
  "schemaVersion": 1,
  "id": "fabric-keybindings-v0",
  "name": "Fabric Key Bindings (v0)",
  "version": "${version}",
  "environment": "client",
  "license": "Apache-2.0",
  "icon": "assets/fabric-keybindings-v0/icon.png",
  "contact": {
    "homepage": "https://fabricmc.net",
    "irc": "irc://irc.esper.net:6667/fabric",
    "issues": "https://github.com/FabricMC/fabric/issues",
    "sources": "https://github.com/FabricMC/fabric"
  },
  "authors": [
    "FabricMC"
  ],
  "depends": {
    "fabricloader": ">=0.15.11",
    "fabric-key-binding-api-v1": "*"
  },
  "description": "Keybinding registry API.",
  "custom": {
    "fabric-api:module-lifecycle": "deprecated"
  }
}
