{
  "schemaVersion": 1,
  "id": "fabric-client-tags-api-v1",
  "name": "Fabric Client Tags",
  "version": "${version}",
  "environment": "client",
  "license": "Apache-2.0",
  "icon": "assets/fabric-client-tags-api-v1/icon.png",
  "contact": {
    "homepage": "https://fabricmc.net",
    "irc": "irc://irc.esper.net:6667/fabric",
    "issues": "https://github.com/FabricMC/fabric/issues",
    "sources": "https://github.com/FabricMC/fabric"
  },
  "authors": [
    "FabricMC"
  ],
  "depends": {
    "fabricloader": ">=0.15.11"
  },
  "description": "Adds the ability to load tags from the local mods.",
  "custom": {
    "fabric-api:module-lifecycle": "stable"
  }
}
