{
  "schemaVersion": 1,
  "id": "fabric-command-api-v2",
  "name": "Fabric Command API (v2)",
  "version": "${version}",
  "environment": "*",
  "license": "Apache-2.0",
  "icon": "assets/fabric-command-api-v2/icon.png",
  "contact": {
    "homepage": "https://fabricmc.net",
    "irc": "irc://irc.esper.net:6667/fabric",
    "issues": "https://github.com/FabricMC/fabric/issues",
    "sources": "https://github.com/FabricMC/fabric"
  },
  "authors": [
    "FabricMC"
  ],
  "depends": {
    "fabricloader": ">=0.16.13",
    "fabric-api-base": "*",
    "minecraft": ">1.19-alpha.22.11.a"
  },
  "description": "Adds command-related hooks.",
  "accessWidener": "fabric-command-api-v2.accesswidener",
  "mixins": [
    "fabric-command-api-v2.mixins.json",
    {
      "config": "fabric-command-api-v2.client.mixins.json",
      "environment": "client"
    }
  ],
  "custom": {
    "fabric-api:module-lifecycle": "stable",
    "loom:injected_interfaces": {
      "net/minecraft/class_2303": ["net/fabricmc/fabric/api/command/v2/FabricEntitySelectorReader"]
    }
  }
}
