{
  "schemaVersion": 1,
  "id": "fabric-blockrenderlayer-v1",
  "name": "Fabric BlockRenderLayer Registration (v1)",
  "version": "${version}",
  "environment": "client",
  "license": "Apache-2.0",
  "icon": "assets/fabric-blockrenderlayer-v1/icon.png",
  "contact": {
    "homepage": "https://fabricmc.net",
    "irc": "irc://irc.esper.net:6667/fabric",
    "issues": "https://github.com/FabricMC/fabric/issues",
    "sources": "https://github.com/FabricMC/fabric"
  },
  "authors": [
    "FabricMC"
  ],
  "depends": {
    "fabricloader": ">=0.15.11",
    "minecraft": ">=1.15-alpha.19.38.b",
    "fabric-api-base": "*"
  },
  "description": "Registration utility for block and fluid render layers.",
  "mixins": [
    "fabric-blockrenderlayer-v1.mixins.json"
  ],
  "custom": {
    "fabric-api:module-lifecycle": "stable"
  }
}
