{
  "schemaVersion": 1,
  "id": "fabric-convention-tags-v2-datagen",
  "name": "Fabric Convention Tags Datagen",
  "version": "1.0.0",
  "environment": "*",
  "license": "Apache-2.0",
  "icon": "assets/fabric-convention-tags-v2/icon.png",
  "contact": {
    "homepage": "https://fabricmc.net",
    "irc": "irc://irc.esper.net:6667/fabric",
    "issues": "https://github.com/FabricMC/fabric/issues",
    "sources": "https://github.com/FabricMC/fabric"
  },
  "authors": [
    "FabricMC"
  ],
  "depends": {
    "fabricloader": ">=0.16.13",
    "minecraft": ">=1.18.2"
  },
  "description": "Contains common tags used by mods for vanilla things.",
  "custom": {
    "fabric-api:module-lifecycle": "stable"
  },
  "entrypoints": {
    "fabric-datagen": [
      "net.fabricmc.fabric.impl.tag.convention.datagen.DatagenEntrypoint"
    ]
  }
}
