{
  "schemaVersion": 1,
  "id": "fabric-api-base",
  "name": "Fabric API Base",
  "version": "${version}",
  "environment": "*",
  "license": "Apache-2.0",
  "icon": "assets/fabric-api-base/icon.png",
  "contact": {
    "homepage": "https://fabricmc.net",
    "irc": "irc://irc.esper.net:6667/fabric",
    "issues": "https://github.com/FabricMC/fabric/issues",
    "sources": "https://github.com/FabricMC/fabric"
  },
  "authors": [
    "FabricMC"
  ],
  "depends": {
    "fabricloader": ">=0.16.13"
  },
  "description": "Contains the essentials for Fabric API modules.",
  "custom": {
    "fabric-api:module-lifecycle": "stable"
  }
}
