{
  "required": true,
  "package": "net.fabricmc.fabric.mixin.content.registry",
  "compatibilityLevel": "JAVA_17",
  "mixins": [
    "AxeItemAccessor",
    "BrewingRecipeRegistryBuilderMixin",
    "PathContextMixin",
    "FarmerWorkTaskAccessor",
    "GiveGiftsToHeroTaskAccessor",
    "HoeItemAccessor",
    "HoneycombItemMixin",
    "LandPathNodeMakerMixin",
    "AbstractFurnaceBlockEntityMixin",
    "FireBlockMixin",
    "OxidizableMixin",
    "ShovelItemAccessor",
    "VillagerEntityAccessor"
  ],
  "injectors": {
    "defaultRequire": 1
  }
}
