{
  "schemaVersion": 1,
  "id": "fabric-renderer-registries-v1",
  "name": "Fabric Renderer Registries (v1)",
  "version": "${version}",
  "environment": "client",
  "license": "Apache-2.0",
  "icon": "assets/renderer-registries-v1/icon.png",
  "contact": {
    "homepage": "https://fabricmc.net",
    "irc": "irc://irc.esper.net:6667/fabric",
    "issues": "https://github.com/FabricMC/fabric/issues",
    "sources": "https://github.com/FabricMC/fabric"
  },
  "authors": [
    "FabricMC"
  ],
  "depends": {
    "fabricloader": ">=0.15.11",
    "minecraft": ">=1.15-alpha.19.39.a",
    "fabric-api-base": "*",
    "fabric-rendering-v1": "*"
  },
  "description": "Registries for entity and block renderers.",
  "custom": {
    "fabric-api:module-lifecycle": "deprecated"
  }
}
