{
  "values": [
    {
      "id": "#c:ores/coal",
      "required": false
    },
    {
      "id": "#c:ores/copper",
      "required": false
    },
    {
      "id": "#c:ores/diamond",
      "required": false
    },
    {
      "id": "#c:ores/emerald",
      "required": false
    },
    {
      "id": "#c:ores/gold",
      "required": false
    },
    {
      "id": "#c:ores/iron",
      "required": false
    },
    {
      "id": "#c:ores/lapis",
      "required": false
    },
    {
      "id": "#c:ores/netherite_scrap",
      "required": false
    },
    {
      "id": "#c:ores/redstone",
      "required": false
    },
    {
      "id": "#c:ores/quartz",
      "required": false
    }
  ]
}