{
  "schemaVersion": 1,
  "id": "fabric-rendering-v0",
  "name": "Fabric Rendering (v0)",
  "version": "${version}",
  "environment": "client",
  "license": "Apache-2.0",
  "icon": "assets/fabric-rendering-v0/icon.png",
  "contact": {
    "homepage": "https://fabricmc.net",
    "irc": "irc://irc.esper.net:6667/fabric",
    "issues": "https://github.com/FabricMC/fabric/issues",
    "sources": "https://github.com/FabricMC/fabric"
  },
  "authors": [
    "FabricMC"
  ],
  "entrypoints": {
    "client": [
      "net.fabricmc.fabric.impl.client.rendering.v0.RenderingCallbackInvoker"
    ]
  },
  "depends": {
    "fabricloader": ">=0.15.11",
    "minecraft": ">=1.15-alpha.19.39.a",
    "fabric-api-base": "*",
    "fabric-rendering-v1": "*"
  },
  "description": "Hooks and registries for rendering-related things.",
  "custom": {
    "fabric-api:module-lifecycle": "deprecated"
  }
}
