{
  "schemaVersion": 1,
  "id": "fabric-command-api-v2-testmod",
  "name": "Fabric Command API (v2) Test Mod",
  "version": "1.0.0",
  "environment": "*",
  "license": "Apache-2.0",
  "depends": {
    "fabric-command-api-v2": "*"
  },
  "entrypoints": {
    "main": [
      "net.fabricmc.fabric.test.command.CommandTest",
      "net.fabricmc.fabric.test.command.CustomArgumentTest"
    ],
    "client": [
      "net.fabricmc.fabric.test.command.client.ClientCommandTest"
    ],
    "fabric-gametest": [
      "net.fabricmc.fabric.test.command.EntitySelectorGameTest"
    ]
  }
}
