{
  "required": true,
  "package": "net.fabricmc.fabric.mixin.content.registry",
  "compatibilityLevel": "JAVA_21",
  "mixins": [
    "AbstractBlockAccessor",
    "AbstractBlockAbstractBlockStateMixin",
    "AxeItemAccessor",
    "BrewingRecipeRegistryBuilderMixin",
    "FarmerWorkTaskAccessor",
    "FireBlockMixin",
    "FuelRegistryMixin",
    "GiveGiftsToHeroTaskAccessor",
    "GiveGiftsToHeroTaskMixin",
    "HoeItemAccessor",
    "HoneycombItemMixin",
    "LandPathNodeMakerMixin",
    "OxidizableMixin",
    "PathContextMixin",
    "ShovelItemAccessor",
    "VillagerEntityAccessor",
    "VillagerEntityMixin"
  ],
  "injectors": {
    "defaultRequire": 1
  }
}
