{
  "feature": {
    "type": "minecraft:block_pile",
    "config": {
      "state_provider": {
        "type": "minecraft:simple_state_provider",
        "state": {
          "Name": "minecraft:red_concrete"
        }
      }
    }
  },
  "placement": [
    {
      "type": "minecraft:count",
      "count": 1
    },
    {
      "type": "minecraft:in_square"
    },
    {
      "type": "minecraft:heightmap",
      "heightmap": "WORLD_SURFACE"
    },
    {
      "type": "minecraft:rarity_filter",
      "chance": 25
    }
  ]
}
